name,method,time to repair,number of changes
./out/mario00/104,SHAP,3009.16,1
./out/mario00/104,IG,0.16,1
./out/mario00/104,UNI,1737.04,1
./out/mario00/103,SHAP,2432.51,1
./out/mario00/103,IG,0.16,1
./out/mario00/103,UNI,1304.37,1
./out/mario00/102,SHAP,162.21,1
./out/mario00/102,IG,0.22,1
./out/mario00/102,UNI,321.35,1
./out/mario00/11,SHAP,1291.69,1
./out/mario00/11,IG,1283.94,1
./out/mario00/11,UNI,1314.92,1
./out/mario00/6,SHAP,10.55,1
./out/mario00/6,IG,,1
./out/mario00/6,UNI,9.06,1
./out/mario00/8,IG,,1
./out/mario00/8,UNI,25.83,1
./out/mario00/100,SHAP,871.62,1
./out/mario00/100,IG,0.17,1
./out/mario00/100,UNI,1453.66,1
./out/mario00/101,SHAP,1437.38,1
./out/mario00/101,IG,0.16,1
./out/mario00/101,UNI,2563.46,1
./out/mario00/4,SHAP,206.05,1
./out/mario00/4,IG,,1
./out/mario00/4,UNI,,
./out/mario00/15,SHAP,67.74,1
./out/mario00/15,IG,0.18,1
./out/mario00/15,UNI,73.07,1
./out/mario00/12,SHAP,165.1,1
./out/mario00/12,IG,,1
./out/mario00/12,UNI,324.61,1
./out/mario00/2,SHAP,53.74,1
./out/mario00/2,IG,,1
./out/mario00/2,UNI,46.43,1
./out/mario00/5,IG,,2
./out/mario00/5,UNI,12605.56,2
./out/mario00/14,SHAP,1431.65,1
./out/mario00/14,IG,0.17,1
./out/mario00/14,UNI,1438.08,1
./out/mario01/61,SHAP,1989.79,1
./out/mario01/61,IG,0.13,1
./out/mario01/61,UNI,3247.6,1
./out/mario01/66,IG,0.18,1
./out/mario01/66,UNI,3217.88,1
./out/mario01/50,SHAP,307.37,1
./out/mario01/50,IG,0.14,1
./out/mario01/50,UNI,2072.43,1
./out/mario01/57,SHAP,3853.66,32
./out/mario01/57,IG,0.15,35
./out/mario01/57,UNI,,
./out/mario01/69,IG,0.15,1
./out/mario01/69,UNI,3311.63,1
./out/mario01/56,SHAP,1725.75,1
./out/mario01/56,IG,0.15,1
./out/mario01/56,UNI,3031.99,1
./out/mario01/67,SHAP,15.42,1
./out/mario01/67,IG,0.14,1
./out/mario01/67,UNI,14.46,1
./out/mario01/93,SHAP,1263.23,1
./out/mario01/93,IG,0.21,1
./out/mario01/93,UNI,1574.94,1
./out/mario01/34,SHAP,67.93,1
./out/mario01/34,IG,0.15,1
./out/mario01/34,UNI,71.19,1
./out/mario01/33,IG,0.17,1
./out/mario01/33,UNI,2534.29,1
./out/mario01/20,SHAP,50.35,1
./out/mario01/20,IG,0.15,1
./out/mario01/20,UNI,49.54,1
./out/mario01/27,SHAP,68.88,1
./out/mario01/27,IG,0.18,1
./out/mario01/27,UNI,74.22,1
./out/mario01/9,SHAP,1774.86,1
./out/mario01/9,UNI,2713.71,1
./out/mario01/11,SHAP,1697.55,1
./out/mario01/11,IG,637.69,1
./out/mario01/11,UNI,2950.8,1
./out/mario01/7,SHAP,6485.04,1
./out/mario01/7,UNI,3015.57,1
./out/mario01/29,SHAP,,10
./out/mario01/29,IG,0.17,19
./out/mario01/29,UNI,,
./out/mario01/42,SHAP,726.4,2
./out/mario01/42,IG,0.15,1
./out/mario01/42,UNI,1304.39,1
./out/mario01/89,SHAP,3987.15,1
./out/mario01/89,IG,0.21,1
./out/mario01/89,UNI,1574.3,1
./out/mario01/87,SHAP,234.51,1
./out/mario01/87,IG,0.15,1
./out/mario01/87,UNI,433.11,1
./out/mario01/80,SHAP,610.6,1
./out/mario01/80,IG,0.14,1
./out/mario01/80,UNI,608.41,1
./out/mario01/74,SHAP,369.98,1
./out/mario01/74,IG,0.19,1
./out/mario01/74,UNI,1565.2,1
./out/mario01/6,SHAP,865.35,1
./out/mario01/6,IG,589.36,1
./out/mario01/6,UNI,1435.21,1
./out/mario01/1,SHAP,3929.56,1
./out/mario01/1,IG,3884.84,1
./out/mario01/1,UNI,10082.51,1
./out/mario01/26,SHAP,1456.92,1
./out/mario01/26,IG,0.18,1
./out/mario01/26,UNI,1450.29,1
./out/mario01/21,SHAP,24.82,1
./out/mario01/21,IG,0.14,1
./out/mario01/21,UNI,25.31,1
./out/mario01/81,SHAP,775.49,1
./out/mario01/81,IG,0.17,1
./out/mario01/81,UNI,778.28,1
./out/mario01/72,SHAP,30.38,1
./out/mario01/72,IG,0.15,1
./out/mario01/72,UNI,50.8,1
./out/mario01/44,SHAP,654.21,1
./out/mario01/44,IG,0.16,1
./out/mario01/44,UNI,752.14,1
./out/mario01/43,IG,0.15,1
./out/mario01/43,UNI,3251.97,1
./out/mario01/38,SHAP,137.71,1
./out/mario01/38,IG,0.16,1
./out/mario01/38,UNI,404.65,1
./out/mario01/36,SHAP,20.79,1
./out/mario01/36,IG,0.14,1
./out/mario01/36,UNI,34.94,1
./out/mario01/65,SHAP,1560.17,1
./out/mario01/65,IG,0.16,1
./out/mario01/65,UNI,1538.79,1
./out/mario01/62,SHAP,639.89,1
./out/mario01/62,IG,0.19,1
./out/mario01/62,UNI,658.69,1
./out/mario01/53,SHAP,28.95,1
./out/mario01/53,IG,0.16,1
./out/mario01/53,UNI,28.29,1
./out/mario01/97,SHAP,64.06,1
./out/mario01/97,IG,0.34,1
./out/mario01/97,UNI,62.59,1
./out/mario01/63,SHAP,39.19,2
./out/mario01/63,IG,0.16,1
./out/mario01/63,UNI,40.18,1
./out/mario01/64,SHAP,50.48,1
./out/mario01/64,IG,0.16,1
./out/mario01/64,UNI,49.8,1
./out/mario01/46,SHAP,2626.9,1
./out/mario01/46,IG,0.14,1
./out/mario01/46,UNI,1800.45,1
./out/mario01/79,SHAP,998.48,1
./out/mario01/79,IG,0.14,1
./out/mario01/79,UNI,1419.72,1
./out/mario01/77,SHAP,1526.35,2
./out/mario01/77,IG,0.13,1
./out/mario01/77,UNI,734.52,1
./out/mario01/48,SHAP,732.97,1
./out/mario01/48,IG,0.13,1
./out/mario01/48,UNI,742.61,1
./out/mario01/70,SHAP,1604.63,1
./out/mario01/70,IG,0.14,1
./out/mario01/70,UNI,2715.2,1
./out/mario01/4,SHAP,1834.56,1
./out/mario01/4,IG,2536.91,1
./out/mario01/4,UNI,3116.72,1
./out/mario01/15,SHAP,98.21,1
./out/mario01/15,IG,,1
./out/mario01/15,UNI,221.09,1
./out/mario01/3,SHAP,2634.27,1
./out/mario01/3,IG,1635.62,1
./out/mario01/3,UNI,2556.85,1
./out/mario01/71,SHAP,1947.37,1
./out/mario01/71,IG,0.15,1
./out/mario01/71,UNI,2950.32,1
./out/mario01/76,SHAP,1501.37,2
./out/mario01/76,IG,0.18,1
./out/mario01/76,UNI,1508.16,1
./out/mario01/82,SHAP,1697.98,1
./out/mario01/82,IG,0.13,1
./out/mario01/82,UNI,3256.5,1
./out/mario01/49,SHAP,1364.25,1
./out/mario01/49,IG,0.15,1
./out/mario01/49,UNI,2707.97,1
./out/mario01/40,SHAP,2389.35,1
./out/mario01/40,IG,0.14,1
./out/mario01/40,UNI,1296.34,1
./out/mario01/47,SHAP,1391.88,1
./out/mario01/47,IG,0.16,1
./out/mario01/47,UNI,536.06,1
./out/mario01/2,SHAP,1181.39,1
./out/mario01/2,IG,2888.69,1
./out/mario01/2,UNI,2595.27,1
./out/mario01/14,SHAP,1297.11,1
./out/mario01/14,IG,,1
./out/mario01/14,UNI,2652.93,1
./out/mario01/22,SHAP,1409.03,1
./out/mario01/22,IG,0.17,1
./out/mario01/22,UNI,1402.63,1
./out/mario02/35,SHAP,569.94,1
./out/mario02/35,IG,0.17,1
./out/mario02/35,UNI,566.67,1
./out/mario02/18,SHAP,1478.05,1
./out/mario02/18,IG,0.16,1
./out/mario02/18,UNI,734.82,1
./out/mario02/9,SHAP,1497.97,1
./out/mario02/9,IG,3751.19,1
./out/mario02/9,UNI,2662.99,1
./out/mario02/29,SHAP,2696.85,1
./out/mario02/29,IG,0.14,1
./out/mario02/29,UNI,1500.64,1
./out/mario02/42,SHAP,35.87,1
./out/mario02/42,IG,0.16,1
./out/mario02/42,UNI,38.29,1
./out/mario02/1,SHAP,334.88,1
./out/mario02/1,IG,3743.26,1
./out/mario02/1,UNI,470.0,1
./out/mario02/10,SHAP,1492.59,1
./out/mario02/10,IG,1372.5,1
./out/mario02/10,UNI,1490.56,1
./out/mario02/19,SHAP,737.44,1
./out/mario02/19,IG,0.17,1
./out/mario02/19,UNI,736.92,1
./out/mario02/26,IG,0.16,1
./out/mario02/26,UNI,1411.66,1
./out/mario02/8,SHAP,1503.66,1
./out/mario02/8,IG,3747.81,1
./out/mario02/8,UNI,2664.9,1
./out/mario02/21,SHAP,734.86,1
./out/mario02/21,IG,0.15,1
./out/mario02/21,UNI,2734.25,1
./out/mario02/36,SHAP,30.39,1
./out/mario02/36,IG,0.15,1
./out/mario02/36,UNI,30.58,1
./out/mario02/37,SHAP,237.69,1
./out/mario02/37,IG,0.16,1
./out/mario02/37,UNI,334.88,1
./out/mario02/46,SHAP,1361.47,1
./out/mario02/46,IG,0.15,1
./out/mario02/46,UNI,1356.89,1
./out/mario02/23,SHAP,985.63,1
./out/mario02/23,IG,0.14,1
./out/mario02/23,UNI,583.43,1
./out/mario02/4,SHAP,1385.81,1
./out/mario02/4,IG,,1
./out/mario02/4,UNI,3121.3,1
./out/mario02/3,SHAP,837.37,1
./out/mario02/3,IG,1615.44,1
./out/mario02/3,UNI,546.08,1
./out/mario02/12,SHAP,1488.65,1
./out/mario02/12,IG,,1
./out/mario02/12,UNI,2643.57,1
./out/mario02/40,SHAP,169.7,1
./out/mario02/40,IG,0.15,1
./out/mario02/40,UNI,724.4,1
./out/mario02/5,SHAP,947.22,1
./out/mario02/5,IG,,1
./out/mario02/5,UNI,2722.74,1
./out/mario02/14,IG,0.16,1
./out/mario02/14,UNI,2131.72,1
./out/mario02/22,SHAP,1865.72,1
./out/mario02/22,IG,0.16,1
./out/mario02/22,UNI,1136.86,1
./out/mario02/25,SHAP,833.65,1
./out/mario02/25,IG,0.18,1
./out/mario02/25,UNI,1993.26,1
./out/mario03/35,IG,0.15,1
./out/mario03/35,UNI,3564.57,1
./out/mario03/20,SHAP,1802.61,1
./out/mario03/20,IG,0.15,1
./out/mario03/20,UNI,3492.99,1
./out/mario03/18,SHAP,3599.33,2
./out/mario03/18,IG,0.15,1
./out/mario03/18,UNI,3304.63,1
./out/mario03/27,SHAP,1725.58,1
./out/mario03/27,IG,0.14,1
./out/mario03/27,UNI,479.62,1
./out/mario03/7,SHAP,173.41,2
./out/mario03/7,IG,1498.48,1
./out/mario03/7,UNI,169.73,1
./out/mario03/29,SHAP,3853.79,2
./out/mario03/29,IG,0.16,1
./out/mario03/29,UNI,1554.63,1
./out/mario03/6,SHAP,782.24,2
./out/mario03/6,IG,1510.82,1
./out/mario03/6,UNI,541.17,1
./out/mario03/1,SHAP,32.29,1
./out/mario03/1,IG,238.49,1
./out/mario03/1,UNI,33.51,1
./out/mario03/19,IG,0.15,1
./out/mario03/19,UNI,3846.29,1
./out/mario03/26,SHAP,3573.23,1
./out/mario03/26,IG,0.2,1
./out/mario03/26,UNI,1331.54,1
./out/mario03/8,SHAP,57.98,1
./out/mario03/8,IG,,1
./out/mario03/8,UNI,58.44,1
./out/mario03/43,SHAP,170.03,1
./out/mario03/43,IG,0.15,1
./out/mario03/43,UNI,634.93,1
./out/mario03/38,IG,0.15,1
./out/mario03/38,UNI,1653.36,1
./out/mario03/37,SHAP,259.94,1
./out/mario03/37,IG,0.14,1
./out/mario03/37,UNI,225.42,1
./out/mario03/23,SHAP,339.63,1
./out/mario03/23,IG,0.17,1
./out/mario03/23,UNI,1504.95,1
./out/mario03/4,SHAP,,2
./out/mario03/4,IG,3745.7,1
./out/mario03/4,UNI,2510.78,1
./out/mario03/3,SHAP,524.43,1
./out/mario03/3,IG,2809.28,1
./out/mario03/3,UNI,1756.89,1
./out/mario03/12,SHAP,3004.86,1
./out/mario03/12,IG,2860.82,1
./out/mario03/12,UNI,1744.67,1
./out/mario03/13,SHAP,65.51,1
./out/mario03/13,IG,,1
./out/mario03/13,UNI,49.41,1
./out/mario03/5,SHAP,2467.61,1
./out/mario03/5,IG,1291.56,1
./out/mario03/5,UNI,1328.7,1
./out/mario03/14,SHAP,604.41,1
./out/mario03/14,IG,,1
./out/mario03/14,UNI,2121.11,1
./out/mario03/22,SHAP,551.89,1
./out/mario03/22,IG,0.15,1
./out/mario03/22,UNI,598.6,1
./out/mario04/35,SHAP,41.53,1
./out/mario04/35,IG,0.16,1
./out/mario04/35,UNI,303.53,1
./out/mario04/33,SHAP,1814.08,1
./out/mario04/33,IG,0.16,1
./out/mario04/33,UNI,802.43,1
./out/mario04/9,SHAP,834.63,2
./out/mario04/9,IG,1526.62,1
./out/mario04/9,UNI,826.1,1
./out/mario04/7,SHAP,904.59,1
./out/mario04/7,IG,3808.26,1
./out/mario04/7,UNI,1163.4,1
./out/mario04/29,SHAP,2067.49,1
./out/mario04/29,IG,0.15,1
./out/mario04/29,UNI,3842.23,1
./out/mario04/6,SHAP,602.14,1
./out/mario04/6,IG,240.86,1
./out/mario04/6,UNI,611.32,1
./out/mario04/17,SHAP,264.63,1
./out/mario04/17,IG,0.17,1
./out/mario04/17,UNI,120.81,1
./out/mario04/1,SHAP,509.96,1
./out/mario04/1,IG,,1
./out/mario04/1,UNI,1507.41,1
./out/mario04/19,SHAP,253.37,1
./out/mario04/19,IG,0.15,1
./out/mario04/19,UNI,135.45,1
./out/mario04/26,SHAP,2416.4,1
./out/mario04/26,IG,0.17,1
./out/mario04/26,UNI,3549.91,1
./out/mario04/8,SHAP,638.02,2
./out/mario04/8,IG,1514.76,1
./out/mario04/8,UNI,651.17,1
./out/mario04/21,SHAP,1881.72,1
./out/mario04/21,IG,0.25,1
./out/mario04/21,UNI,3181.56,1
./out/mario04/38,SHAP,2032.55,1
./out/mario04/38,IG,0.14,1
./out/mario04/38,UNI,3512.97,1
./out/mario04/36,IG,0.16,1
./out/mario04/36,UNI,1732.83,1
./out/mario04/24,SHAP,1655.68,1
./out/mario04/24,IG,0.15,1
./out/mario04/24,UNI,420.73,1
./out/mario04/4,SHAP,,1
./out/mario04/4,IG,,1
./out/mario04/4,UNI,1200.84,1
./out/mario04/3,SHAP,2684.61,1
./out/mario04/3,IG,,1
./out/mario04/3,UNI,12778.43,1
./out/mario04/5,SHAP,777.87,1
./out/mario04/5,IG,1393.29,1
./out/mario04/5,UNI,1493.11,1
./out/mario04/14,SHAP,2393.1,1
./out/mario04/14,IG,,1
./out/mario04/14,UNI,1281.28,1
./out/mario04/22,SHAP,1522.59,1
./out/mario04/22,IG,0.15,1
./out/mario04/22,UNI,2671.7,1
./out/mario04/25,SHAP,1784.27,1
./out/mario04/25,IG,0.16,1
./out/mario04/25,UNI,1596.63,1
./out/mario05/34,SHAP,2653.31,1
./out/mario05/34,IG,0.14,1
./out/mario05/34,UNI,1469.82,1
./out/mario05/33,IG,0.17,1
./out/mario05/33,UNI,2706.1,1
./out/mario05/20,SHAP,2416.82,1
./out/mario05/20,IG,0.17,1
./out/mario05/20,UNI,1556.97,1
./out/mario05/18,SHAP,709.79,1
./out/mario05/18,IG,0.16,1
./out/mario05/18,UNI,716.8,1
./out/mario05/27,IG,0.17,1
./out/mario05/27,UNI,3230.84,1
./out/mario05/9,SHAP,70.04,1
./out/mario05/9,IG,216.9,1
./out/mario05/9,UNI,70.41,1
./out/mario05/7,SHAP,1563.46,1
./out/mario05/7,IG,3736.33,1
./out/mario05/7,UNI,2691.71,1
./out/mario05/16,SHAP,3988.29,1
./out/mario05/16,IG,0.16,1
./out/mario05/16,UNI,896.36,1
./out/mario05/6,SHAP,97.5,1
./out/mario05/6,IG,,1
./out/mario05/6,UNI,104.89,1
./out/mario05/17,SHAP,627.99,1
./out/mario05/17,IG,0.16,1
./out/mario05/17,UNI,2806.92,1
./out/mario05/10,SHAP,187.54,2
./out/mario05/10,IG,1487.36,1
./out/mario05/10,UNI,186.22,1
./out/mario05/19,SHAP,574.08,1
./out/mario05/19,IG,0.15,1
./out/mario05/19,UNI,2690.75,1
./out/mario05/36,IG,0.14,1
./out/mario05/36,UNI,463.38,1
./out/mario05/31,SHAP,1498.93,2
./out/mario05/31,IG,0.14,1
./out/mario05/31,UNI,2714.48,1
./out/mario05/30,SHAP,1492.75,1
./out/mario05/30,IG,0.15,1
./out/mario05/30,UNI,1492.25,1
./out/mario05/37,SHAP,1468.17,1
./out/mario05/37,IG,0.15,1
./out/mario05/37,UNI,2593.32,1
./out/mario05/4,SHAP,5304.91,1
./out/mario05/4,IG,,1
./out/mario05/4,UNI,2861.91,1
./out/mario05/15,SHAP,763.27,1
./out/mario05/15,IG,0.25,1
./out/mario05/15,UNI,350.34,1
./out/mario05/3,IG,,1
./out/mario05/3,UNI,2874.37,1
./out/mario05/2,SHAP,,1
./out/mario05/2,IG,1368.53,1
./out/mario05/2,UNI,3928.98,1
./out/mario05/13,SHAP,785.79,1
./out/mario05/13,IG,,1
./out/mario05/13,UNI,354.19,1
./out/mario05/5,IG,,1
./out/mario05/5,UNI,2890.77,1
./out/mario05/14,SHAP,870.35,1
./out/mario05/14,IG,0.15,1
./out/mario05/14,UNI,2869.88,1
./out/mario05/25,SHAP,2688.68,1
./out/mario05/25,IG,0.16,1
./out/mario05/25,UNI,2730.5,1
./out/mario06/1,SHAP,3825.39,1
./out/mario06/1,IG,3783.27,1
./out/mario06/1,UNI,3539.66,1
./out/mario06/4,SHAP,27.97,1
./out/mario06/4,IG,199.73,1
./out/mario06/4,UNI,369.86,1
./out/mario06/3,SHAP,356.02,1
./out/mario06/3,IG,2636.1,1
./out/mario06/3,UNI,3610.16,1
./out/mario06/5,SHAP,65.59,1
./out/mario06/5,IG,217.92,1
./out/mario06/5,UNI,1495.25,1
./out/mario07/1,SHAP,3529.16,1
./out/mario07/1,IG,,1
./out/mario07/1,UNI,13721.46,1
./out/mario07/3,SHAP,2176.49,1
./out/mario07/3,IG,1541.51,1
./out/mario07/3,UNI,3904.44,1
./out/mario08/1,SHAP,4550.88,1
./out/mario08/1,IG,,1
./out/mario08/1,UNI,8705.46,1
./out/mario08/4,SHAP,928.16,1
./out/mario08/4,IG,,1
./out/mario08/4,UNI,6809.44,1
./out/mario08/2,SHAP,139.95,1
./out/mario08/2,IG,231.97,1
./out/mario08/2,UNI,1155.34,1
./out/mario0/35,IG,1279.22,1
./out/mario0/35,UNI,1345.67,1
./out/mario0/67,SHAP,206.57,1
./out/mario0/67,IG,207.47,1
./out/mario0/67,UNI,206.33,1
./out/mario0/60,SHAP,464.33,1
./out/mario0/60,UNI,522.77,1
./out/mario0/33,IG,1835.69,1
./out/mario0/33,UNI,1871.23,1
./out/mario0/20,SHAP,348.83,1
./out/mario0/20,IG,650.36,1
./out/mario0/20,UNI,341.4,1
./out/mario0/18,IG,1579.49,1
./out/mario0/18,UNI,2774.89,1
./out/mario0/11,SHAP,2992.24,1
./out/mario0/11,IG,2602.06,1
./out/mario0/11,UNI,2995.03,1
./out/mario0/7,IG,784.13,1
./out/mario0/7,UNI,772.23,1
./out/mario0/89,SHAP,1943.5,1
./out/mario0/89,UNI,2259.38,1
./out/mario0/73,SHAP,142.51,1
./out/mario0/73,IG,179.18,1
./out/mario0/73,UNI,141.93,1
./out/mario0/74,SHAP,507.69,1
./out/mario0/74,IG,918.75,1
./out/mario0/74,UNI,522.37,1
./out/mario0/6,IG,3814.79,1
./out/mario0/6,UNI,3814.98,1
./out/mario0/28,SHAP,110.44,1
./out/mario0/28,IG,111.73,1
./out/mario0/28,UNI,110.65,1
./out/mario0/21,SHAP,140.26,1
./out/mario0/21,IG,180.2,1
./out/mario0/21,UNI,140.33,1
./out/mario0/75,SHAP,2397.39,1
./out/mario0/75,UNI,2481.42,1
./out/mario0/86,SHAP,1683.3,1
./out/mario0/86,IG,1667.04,1
./out/mario0/86,UNI,1684.24,1
./out/mario0/72,SHAP,121.38,1
./out/mario0/72,IG,127.68,1
./out/mario0/72,UNI,122.99,1
./out/mario0/88,SHAP,716.48,1
./out/mario0/88,IG,721.04,1
./out/mario0/88,UNI,716.15,1
./out/mario0/30,SHAP,126.36,1
./out/mario0/30,IG,163.41,1
./out/mario0/30,UNI,126.07,1
./out/mario0/52,SHAP,446.33,1
./out/mario0/52,UNI,618.35,1
./out/mario0/83,SHAP,1286.93,1
./out/mario0/83,IG,2328.35,1
./out/mario0/83,UNI,2345.77,1
./out/mario0/15,IG,1919.4,1
./out/mario0/15,UNI,1915.53,1
./out/mario0/3,SHAP,1542.92,1
./out/mario0/3,IG,2694.32,1
./out/mario0/3,UNI,2695.67,1
./out/mario0/12,IG,1306.03,1
./out/mario0/12,UNI,923.77,1
./out/mario0/85,SHAP,2398.49,1
./out/mario0/85,IG,1196.29,1
./out/mario0/85,UNI,1224.73,1
./out/mario0/78,SHAP,2861.53,1
./out/mario0/78,UNI,2861.25,1
./out/mario0/2,SHAP,1524.04,1
./out/mario0/2,IG,1572.25,1
./out/mario0/2,UNI,1542.73,1
./out/mario0/5,SHAP,439.66,2
./out/mario0/5,IG,514.52,1
./out/mario0/5,UNI,444.07,1
./out/mario0/25,SHAP,2195.0,1
./out/mario0/25,UNI,2502.7,1
./out/mario1/56,SHAP,565.52,1
./out/mario1/56,IG,559.19,1
./out/mario1/56,UNI,568.58,1
./out/mario1/51,SHAP,80.93,1
./out/mario1/51,IG,78.21,1
./out/mario1/51,UNI,81.1,1
./out/mario1/60,IG,948.04,1
./out/mario1/60,UNI,213.27,1
./out/mario1/11,IG,1307.56,1
./out/mario1/11,UNI,2404.0,1
./out/mario1/74,SHAP,2138.54,1
./out/mario1/74,UNI,2165.53,1
./out/mario1/28,SHAP,752.58,1
./out/mario1/28,IG,1031.17,1
./out/mario1/28,UNI,847.65,1
./out/mario1/10,SHAP,2427.87,1
./out/mario1/10,IG,2341.55,1
./out/mario1/10,UNI,2483.79,1
./out/mario1/81,IG,4804.1,1
./out/mario1/81,UNI,4838.24,1
./out/mario1/72,SHAP,734.8,1
./out/mario1/72,IG,863.33,1
./out/mario1/72,UNI,795.22,1
./out/mario1/43,SHAP,1275.41,1
./out/mario1/43,UNI,1276.61,1
./out/mario1/30,SHAP,2020.6,1
./out/mario1/30,IG,2021.67,1
./out/mario1/30,UNI,2019.42,1
./out/mario1/39,SHAP,258.57,1
./out/mario1/39,IG,520.36,1
./out/mario1/39,UNI,251.32,1
./out/mario1/63,SHAP,1940.82,1
./out/mario1/63,IG,1298.92,1
./out/mario1/63,UNI,1310.77,1
./out/mario1/64,SHAP,1591.1,1
./out/mario1/64,UNI,1696.88,1
./out/mario1/83,SHAP,1424.07,1
./out/mario1/83,IG,3613.01,1
./out/mario1/83,UNI,3613.42,1
./out/mario1/85,SHAP,676.27,1
./out/mario1/85,UNI,,1
./out/mario1/40,SHAP,625.76,1
./out/mario1/40,UNI,628.16,1
./out/mario1/47,SHAP,671.28,1
./out/mario1/47,IG,664.41,1
./out/mario1/47,UNI,671.07,1
./out/mario1/78,IG,4264.72,1
./out/mario1/78,UNI,4325.08,1
./out/mario1/13,IG,700.19,1
./out/mario1/13,UNI,623.63,1
./out/mario1/14,SHAP,1255.25,1
./out/mario1/14,UNI,1263.96,1
./out/mario1/22,SHAP,297.0,1
./out/mario1/22,IG,607.46,1
./out/mario1/22,UNI,289.67,1
./out/mario1/25,SHAP,1982.65,1
./out/mario1/25,IG,1888.48,1
./out/mario1/25,UNI,1979.71,1
./out/mario2/61,SHAP,633.04,1
./out/mario2/61,IG,877.86,1
./out/mario2/61,UNI,679.0,1
./out/mario2/68,IG,2584.1,1
./out/mario2/68,UNI,2950.11,1
./out/mario2/57,SHAP,101.56,1
./out/mario2/57,IG,98.95,1
./out/mario2/57,UNI,101.76,1
./out/mario2/51,SHAP,105.82,1
./out/mario2/51,IG,134.72,1
./out/mario2/51,UNI,105.37,1
./out/mario2/67,SHAP,1133.1,1
./out/mario2/67,IG,1861.1,1
./out/mario2/67,UNI,1847.59,1
./out/mario2/33,SHAP,564.8,1
./out/mario2/33,IG,863.32,1
./out/mario2/33,UNI,620.97,1
./out/mario2/18,SHAP,774.44,1
./out/mario2/18,UNI,800.13,1
./out/mario2/27,IG,2960.93,1
./out/mario2/27,UNI,2953.94,1
./out/mario2/9,SHAP,870.7,1
./out/mario2/9,IG,864.89,1
./out/mario2/9,UNI,873.17,1
./out/mario2/7,SHAP,1368.13,1
./out/mario2/7,IG,1781.66,1
./out/mario2/7,UNI,2554.47,1
./out/mario2/6,IG,1978.07,1
./out/mario2/6,UNI,2025.56,1
./out/mario2/1,IG,5536.68,1
./out/mario2/1,UNI,5557.62,1
./out/mario2/10,SHAP,460.77,1
./out/mario2/10,IG,1652.66,1
./out/mario2/10,UNI,1618.79,1
./out/mario2/19,SHAP,1340.64,1
./out/mario2/19,UNI,1338.35,1
./out/mario2/8,IG,2108.02,1
./out/mario2/8,UNI,874.98,1
./out/mario2/72,SHAP,676.36,1
./out/mario2/72,IG,932.86,1
./out/mario2/72,UNI,722.8,1
./out/mario2/43,SHAP,560.88,1
./out/mario2/43,IG,1381.41,1
./out/mario2/43,UNI,566.29,1
./out/mario2/38,SHAP,715.66,1
./out/mario2/38,IG,716.61,1
./out/mario2/38,UNI,715.49,1
./out/mario2/36,SHAP,598.42,1
./out/mario2/36,IG,905.91,1
./out/mario2/36,UNI,629.08,1
./out/mario2/65,IG,2742.65,1
./out/mario2/65,UNI,2764.78,1
./out/mario2/54,SHAP,98.47,1
./out/mario2/54,IG,102.46,1
./out/mario2/54,UNI,98.93,1
./out/mario2/39,SHAP,2288.19,1
./out/mario2/39,IG,1550.8,1
./out/mario2/39,UNI,1559.42,1
./out/mario2/52,IG,2021.97,1
./out/mario2/52,UNI,2049.96,1
./out/mario2/55,SHAP,1553.75,1
./out/mario2/55,UNI,1558.49,1
./out/mario2/79,SHAP,1159.93,1
./out/mario2/79,IG,3111.18,1
./out/mario2/79,UNI,2862.73,1
./out/mario2/23,IG,1413.29,1
./out/mario2/23,UNI,1456.21,1
./out/mario2/3,IG,11949.01,1
./out/mario2/3,UNI,1522.73,1
./out/mario2/2,SHAP,11526.42,1
./out/mario2/2,IG,6631.68,1
./out/mario2/2,UNI,2604.43,1
./out/mario3/59,SHAP,651.28,1
./out/mario3/59,IG,875.28,1
./out/mario3/59,UNI,662.3,1
./out/mario3/66,SHAP,323.62,1
./out/mario3/66,IG,624.76,1
./out/mario3/66,UNI,316.77,1
./out/mario3/58,SHAP,1287.66,1
./out/mario3/58,UNI,1367.38,1
./out/mario3/93,SHAP,661.58,1
./out/mario3/93,IG,913.53,1
./out/mario3/93,UNI,703.31,1
./out/mario3/20,IG,1772.58,1
./out/mario3/20,UNI,1083.61,1
./out/mario3/7,IG,264.2,1
./out/mario3/7,UNI,244.77,1
./out/mario3/42,SHAP,657.55,1
./out/mario3/42,IG,651.95,1
./out/mario3/42,UNI,657.3,1
./out/mario3/73,IG,1857.82,1
./out/mario3/73,UNI,1858.29,1
./out/mario3/80,IG,2167.27,1
./out/mario3/80,UNI,2290.73,1
./out/mario3/6,IG,606.26,1
./out/mario3/6,UNI,577.66,1
./out/mario3/28,SHAP,379.05,1
./out/mario3/28,IG,575.97,1
./out/mario3/28,UNI,380.92,1
./out/mario3/17,SHAP,1610.23,1
./out/mario3/17,IG,1614.44,1
./out/mario3/17,UNI,1581.99,1
./out/mario3/1,SHAP,5492.52,2
./out/mario3/1,IG,3765.09,1
./out/mario3/1,UNI,3742.52,1
./out/mario3/10,SHAP,13938.99,1
./out/mario3/10,IG,3630.04,1
./out/mario3/10,UNI,1424.92,1
./out/mario3/8,IG,235.89,1
./out/mario3/8,UNI,2567.54,1
./out/mario3/21,IG,1664.83,1
./out/mario3/21,UNI,1657.66,1
./out/mario3/86,SHAP,569.76,1
./out/mario3/86,IG,832.95,1
./out/mario3/86,UNI,625.95,1
./out/mario3/72,SHAP,1330.18,1
./out/mario3/72,IG,1886.22,1
./out/mario3/72,UNI,1884.11,1
./out/mario3/88,SHAP,516.7,1
./out/mario3/88,IG,985.37,1
./out/mario3/88,UNI,554.61,1
./out/mario3/36,SHAP,976.54,1
./out/mario3/36,IG,2953.89,1
./out/mario3/36,UNI,2482.69,1
./out/mario3/91,SHAP,662.56,1
./out/mario3/91,UNI,665.31,1
./out/mario3/53,SHAP,541.7,1
./out/mario3/53,IG,826.71,1
./out/mario3/53,UNI,620.54,1
./out/mario3/39,IG,2597.91,1
./out/mario3/39,UNI,2598.87,1
./out/mario3/48,SHAP,109.41,1
./out/mario3/48,IG,114.83,1
./out/mario3/48,UNI,110.63,1
./out/mario3/24,SHAP,289.77,1
./out/mario3/24,IG,1397.55,1
./out/mario3/24,UNI,806.61,1
./out/mario3/23,SHAP,216.92,1
./out/mario3/23,IG,217.78,1
./out/mario3/23,UNI,210.95,1
./out/mario3/4,SHAP,7245.0,1
./out/mario3/4,IG,2676.87,1
./out/mario3/4,UNI,2643.77,1
./out/mario3/3,SHAP,1540.09,1
./out/mario3/3,IG,1531.16,1
./out/mario3/3,UNI,1553.64,1
./out/mario3/49,SHAP,173.15,1
./out/mario3/49,IG,167.19,1
./out/mario3/49,UNI,173.0,1
./out/mario3/78,SHAP,100.65,1
./out/mario3/78,IG,99.37,1
./out/mario3/78,UNI,100.88,1
./out/mario3/2,SHAP,1523.43,1
./out/mario3/2,IG,1507.71,1
./out/mario3/2,UNI,1543.32,1
./out/mario3/13,SHAP,205.64,1
./out/mario3/13,IG,1384.21,1
./out/mario3/13,UNI,1368.81,1
./out/mario3/5,SHAP,184.17,2
./out/mario3/5,IG,182.89,1
./out/mario3/5,UNI,184.57,1
./out/mario3/22,SHAP,432.57,1
./out/mario3/22,IG,1619.52,1
./out/mario3/22,UNI,1640.73,1
./out/mario4/66,SHAP,721.56,1
./out/mario4/66,IG,2554.34,1
./out/mario4/66,UNI,725.34,1
./out/mario4/35,SHAP,678.31,1
./out/mario4/35,IG,920.15,1
./out/mario4/35,UNI,704.46,1
./out/mario4/20,IG,1575.58,1
./out/mario4/20,UNI,2402.36,1
./out/mario4/18,IG,785.84,1
./out/mario4/18,UNI,1447.19,1
./out/mario4/9,SHAP,7255.83,1
./out/mario4/9,IG,3856.35,1
./out/mario4/9,UNI,3819.64,1
./out/mario4/7,SHAP,987.38,1
./out/mario4/7,IG,4054.77,1
./out/mario4/7,UNI,953.99,1
./out/mario4/16,SHAP,121.56,1
./out/mario4/16,UNI,133.31,1
./out/mario4/42,SHAP,597.23,1
./out/mario4/42,UNI,592.02,1
./out/mario4/89,IG,4638.64,1
./out/mario4/89,UNI,4698.2,1
./out/mario4/73,SHAP,914.02,1
./out/mario4/73,IG,1946.69,1
./out/mario4/73,UNI,924.72,1
./out/mario4/6,SHAP,732.31,1
./out/mario4/6,IG,736.81,1
./out/mario4/6,UNI,1628.4,1
./out/mario4/28,IG,1817.42,1
./out/mario4/28,UNI,1824.58,1
./out/mario4/1,SHAP,2780.19,1
./out/mario4/1,IG,2768.73,1
./out/mario4/1,UNI,693.76,1
./out/mario4/26,SHAP,2223.64,1
./out/mario4/26,IG,2215.46,1
./out/mario4/26,UNI,2220.97,1
./out/mario4/21,SHAP,1213.53,1
./out/mario4/21,IG,2105.11,1
./out/mario4/21,UNI,2969.5,1
./out/mario4/86,SHAP,505.28,1
./out/mario4/86,UNI,697.31,1
./out/mario4/72,SHAP,2910.32,1
./out/mario4/72,UNI,2914.17,1
./out/mario4/31,IG,2782.67,1
./out/mario4/31,UNI,2914.92,1
./out/mario4/65,IG,2409.1,1
./out/mario4/65,UNI,1901.15,1
./out/mario4/62,SHAP,1641.99,1
./out/mario4/62,UNI,1779.49,1
./out/mario4/54,SHAP,194.62,1
./out/mario4/54,IG,193.66,1
./out/mario4/54,UNI,194.44,1
./out/mario4/37,SHAP,664.15,1
./out/mario4/37,UNI,666.81,1
./out/mario4/55,SHAP,1621.22,1
./out/mario4/55,IG,2715.22,1
./out/mario4/55,UNI,2699.34,1
./out/mario4/63,SHAP,129.38,1
./out/mario4/63,IG,134.05,1
./out/mario4/63,UNI,130.02,1
./out/mario4/79,SHAP,529.87,1
./out/mario4/79,IG,2346.95,1
./out/mario4/79,UNI,610.03,1
./out/mario4/83,IG,2217.57,1
./out/mario4/83,UNI,2209.19,1
./out/mario4/15,IG,677.7,1
./out/mario4/15,UNI,680.87,1
./out/mario4/3,SHAP,10389.76,1
./out/mario4/3,IG,4678.16,1
./out/mario4/3,UNI,3800.89,1
./out/mario4/76,SHAP,503.62,1
./out/mario4/76,IG,514.06,1
./out/mario4/76,UNI,503.57,1
./out/mario4/82,SHAP,2065.09,1
./out/mario4/82,IG,1990.06,1
./out/mario4/82,UNI,2079.02,1
./out/mario4/49,SHAP,628.12,1
./out/mario4/49,IG,874.78,1
./out/mario4/49,UNI,672.47,1
./out/mario4/47,SHAP,988.52,1
./out/mario4/47,IG,2294.05,1
./out/mario4/47,UNI,1905.28,1
./out/mario4/5,SHAP,722.37,1
./out/mario4/5,IG,2273.09,1
./out/mario4/5,UNI,2273.16,1
./out/mario5/61,IG,,34
./out/mario5/61,UNI,,
./out/mario5/50,SHAP,1097.58,1
./out/mario5/50,IG,2936.12,1
./out/mario5/50,UNI,2487.83,1
./out/mario5/68,SHAP,3599.25,1
./out/mario5/68,IG,3326.13,1
./out/mario5/68,UNI,1161.93,1
./out/mario5/35,SHAP,180.82,1
./out/mario5/35,IG,181.42,1
./out/mario5/35,UNI,180.6,1
./out/mario5/51,SHAP,1787.18,1
./out/mario5/51,IG,8631.91,1
./out/mario5/51,UNI,2025.55,1
./out/mario5/18,SHAP,38.14,1
./out/mario5/18,IG,78.92,1
./out/mario5/18,UNI,37.89,1
./out/mario5/27,SHAP,651.52,1
./out/mario5/27,UNI,667.56,1
./out/mario5/9,IG,5828.1,1
./out/mario5/9,UNI,4651.09,1
./out/mario5/7,IG,1305.55,1
./out/mario5/7,UNI,1295.47,1
./out/mario5/28,SHAP,987.33,1
./out/mario5/28,IG,1210.34,1
./out/mario5/28,UNI,1162.36,1
./out/mario5/10,IG,1288.66,1
./out/mario5/10,UNI,921.95,1
./out/mario5/26,SHAP,,27
./out/mario5/26,UNI,2927.65,1
./out/mario5/21,SHAP,669.66,1
./out/mario5/21,UNI,684.89,1
./out/mario5/36,SHAP,101.32,1
./out/mario5/36,IG,105.91,1
./out/mario5/36,UNI,102.21,1
./out/mario5/65,IG,2075.92,1
./out/mario5/65,UNI,2122.9,1
./out/mario5/62,SHAP,306.68,1
./out/mario5/62,IG,597.91,1
./out/mario5/62,UNI,299.5,1
./out/mario5/55,SHAP,129.1,1
./out/mario5/55,IG,162.09,1
./out/mario5/55,UNI,128.85,1
./out/mario5/48,SHAP,2414.25,1
./out/mario5/48,IG,2075.57,1
./out/mario5/48,UNI,2092.9,1
./out/mario5/4,SHAP,790.39,1
./out/mario5/4,IG,2877.27,1
./out/mario5/4,UNI,205.86,1
./out/mario5/3,SHAP,3263.0,1
./out/mario5/3,IG,3265.28,1
./out/mario5/3,UNI,3264.79,1
./out/mario5/12,SHAP,331.59,1
./out/mario5/12,IG,508.84,1
./out/mario5/12,UNI,250.94,1
./out/mario5/47,IG,2504.07,1
./out/mario5/47,UNI,2525.12,1
./out/mario5/2,SHAP,147.73,2
./out/mario5/2,IG,140.91,1
./out/mario5/2,UNI,271.96,1
./out/mario5/13,IG,585.09,1
./out/mario5/13,UNI,946.73,1
./out/mario5/5,SHAP,10608.35,1
./out/mario5/5,IG,5209.22,1
./out/mario5/5,UNI,979.04,1
./out/mario5/14,SHAP,253.36,1
./out/mario5/14,IG,259.08,1
./out/mario5/14,UNI,260.69,1
./out/mario5/22,SHAP,2490.13,1
./out/mario5/22,UNI,2533.2,1
./out/mario6/57,IG,2790.42,1
./out/mario6/57,UNI,923.35,1
./out/mario6/32,SHAP,1753.72,1
./out/mario6/32,UNI,2012.47,1
./out/mario6/18,SHAP,32.9,1
./out/mario6/18,IG,38.57,1
./out/mario6/18,UNI,34.27,1
./out/mario6/9,SHAP,212.88,1
./out/mario6/9,UNI,2573.14,1
./out/mario6/7,SHAP,653.77,1
./out/mario6/7,IG,1064.67,1
./out/mario6/7,UNI,1445.97,1
./out/mario6/16,SHAP,441.17,1
./out/mario6/16,IG,2553.58,1
./out/mario6/16,UNI,445.15,1
./out/mario6/45,SHAP,1959.31,1
./out/mario6/45,UNI,2105.42,1
./out/mario6/6,SHAP,221.66,1
./out/mario6/6,IG,2128.94,1
./out/mario6/6,UNI,954.77,1
./out/mario6/28,SHAP,944.33,1
./out/mario6/28,IG,1422.13,1
./out/mario6/28,UNI,1317.78,1
./out/mario6/17,SHAP,151.12,1
./out/mario6/17,UNI,251.67,1
./out/mario6/1,SHAP,526.4,1
./out/mario6/1,IG,521.96,1
./out/mario6/1,UNI,524.53,1
./out/mario6/10,IG,1577.48,1
./out/mario6/10,UNI,1540.25,1
./out/mario6/19,SHAP,482.19,1
./out/mario6/19,IG,887.11,1
./out/mario6/19,UNI,871.32,1
./out/mario6/72,SHAP,134.85,1
./out/mario6/72,IG,172.02,1
./out/mario6/72,UNI,134.75,1
./out/mario6/44,SHAP,487.33,1
./out/mario6/44,IG,871.26,1
./out/mario6/44,UNI,494.83,1
./out/mario6/88,SHAP,633.09,1
./out/mario6/88,IG,3713.83,1
./out/mario6/88,UNI,702.29,1
./out/mario6/38,SHAP,609.52,1
./out/mario6/38,IG,843.1,1
./out/mario6/38,UNI,651.48,1
./out/mario6/31,SHAP,185.9,1
./out/mario6/31,IG,187.17,1
./out/mario6/31,UNI,185.93,1
./out/mario6/54,SHAP,2241.92,1
./out/mario6/54,UNI,2261.06,1
./out/mario6/41,SHAP,722.33,1
./out/mario6/41,IG,939.94,1
./out/mario6/41,UNI,795.22,1
./out/mario6/83,SHAP,689.05,1
./out/mario6/83,IG,690.8,1
./out/mario6/83,UNI,688.81,1
./out/mario6/4,IG,10771.5,1
./out/mario6/4,UNI,10802.0,1
./out/mario6/15,SHAP,152.31,1
./out/mario6/15,UNI,253.12,1
./out/mario6/3,SHAP,1838.11,1
./out/mario6/3,IG,454.81,1
./out/mario6/3,UNI,189.59,1
./out/mario6/12,IG,590.42,1
./out/mario6/12,UNI,587.53,1
./out/mario6/49,SHAP,100.37,1
./out/mario6/49,IG,100.45,1
./out/mario6/49,UNI,100.63,1
./out/mario6/40,SHAP,479.63,1
./out/mario6/40,UNI,533.33,1
./out/mario7/66,SHAP,1046.26,1
./out/mario7/66,IG,2055.12,1
./out/mario7/66,UNI,1618.02,1
./out/mario7/50,SHAP,453.03,1
./out/mario7/50,IG,5443.86,1
./out/mario7/50,UNI,451.86,1
./out/mario7/67,SHAP,592.48,1
./out/mario7/67,IG,844.51,1
./out/mario7/67,UNI,634.56,1
./out/mario7/93,SHAP,270.67,1
./out/mario7/93,IG,529.45,1
./out/mario7/93,UNI,263.28,1
./out/mario7/60,SHAP,1607.0,1
./out/mario7/60,UNI,1612.93,1
./out/mario7/33,SHAP,2591.26,1
./out/mario7/33,UNI,2551.81,1
./out/mario7/89,SHAP,294.78,1
./out/mario7/89,IG,565.94,1
./out/mario7/89,UNI,288.18,1
./out/mario7/10,IG,1243.14,1
./out/mario7/10,UNI,1156.56,1
./out/mario7/26,IG,2916.03,1
./out/mario7/26,UNI,2002.58,1
./out/mario7/72,SHAP,761.41,1
./out/mario7/72,IG,981.71,1
./out/mario7/72,UNI,909.13,1
./out/mario7/31,IG,2360.21,1
./out/mario7/31,UNI,693.04,1
./out/mario7/62,SHAP,675.24,1
./out/mario7/62,IG,675.68,1
./out/mario7/62,UNI,675.42,1
./out/mario7/70,SHAP,1143.77,1
./out/mario7/70,UNI,1143.47,1
./out/mario7/24,SHAP,38.45,1
./out/mario7/24,IG,77.98,1
./out/mario7/24,UNI,37.72,1
./out/mario7/85,SHAP,1489.93,1
./out/mario7/85,IG,1785.39,1
./out/mario7/85,UNI,1638.37,1
./out/mario7/76,SHAP,2490.83,1
./out/mario7/76,UNI,2875.22,1
./out/mario7/82,SHAP,107.7,1
./out/mario7/82,IG,105.29,1
./out/mario7/82,UNI,107.9,1
./out/mario7/13,SHAP,1504.54,1
./out/mario7/13,IG,2712.81,1
./out/mario7/13,UNI,2646.6,1
./out/mario7/14,SHAP,1487.92,1
./out/mario7/14,IG,1483.02,1
./out/mario7/14,UNI,1491.41,1
./out/mario7/22,SHAP,61.95,1
./out/mario7/22,IG,59.96,1
./out/mario7/22,UNI,60.62,1
./out/mario7/25,IG,2888.07,1
./out/mario7/25,UNI,2848.85,1
./out/mario8/56,IG,1079.0,1
./out/mario8/56,UNI,224.67,1
./out/mario8/60,SHAP,587.63,1
./out/mario8/60,IG,601.87,1
./out/mario8/60,UNI,587.6,1
./out/mario8/34,SHAP,229.54,1
./out/mario8/34,IG,232.02,1
./out/mario8/34,UNI,224.99,1
./out/mario8/27,SHAP,757.31,1
./out/mario8/27,IG,745.4,1
./out/mario8/27,UNI,772.07,1
./out/mario8/89,SHAP,723.49,1
./out/mario8/89,IG,724.32,1
./out/mario8/89,UNI,723.19,1
./out/mario8/73,IG,973.92,1
./out/mario8/73,UNI,213.14,1
./out/mario8/74,SHAP,1310.01,1
./out/mario8/74,UNI,1356.25,1
./out/mario8/28,IG,4733.36,2
./out/mario8/28,UNI,4824.15,2
./out/mario8/17,SHAP,142.59,1
./out/mario8/17,IG,43.15,1
./out/mario8/17,UNI,40.89,1
./out/mario8/26,SHAP,2758.32,1
./out/mario8/26,IG,1579.71,1
./out/mario8/26,UNI,1559.34,1
./out/mario8/88,SHAP,519.14,1
./out/mario8/88,IG,980.56,1
./out/mario8/88,UNI,540.74,1
./out/mario8/38,SHAP,186.74,1
./out/mario8/38,UNI,242.56,1
./out/mario8/36,SHAP,1257.05,1
./out/mario8/36,IG,473.71,1
./out/mario8/36,UNI,509.43,1
./out/mario8/91,IG,1787.58,1
./out/mario8/91,UNI,1778.79,1
./out/mario8/53,SHAP,110.34,1
./out/mario8/53,IG,110.03,1
./out/mario8/53,UNI,110.59,1
./out/mario8/30,IG,1379.55,1
./out/mario8/30,UNI,1389.78,1
./out/mario8/37,SHAP,1174.58,1
./out/mario8/37,IG,1991.12,1
./out/mario8/37,UNI,2871.02,1
./out/mario8/90,IG,2678.75,1
./out/mario8/90,UNI,2689.35,1
./out/mario8/46,SHAP,764.29,1
./out/mario8/46,IG,778.49,1
./out/mario8/46,UNI,758.35,1
./out/mario8/83,SHAP,91.13,1
./out/mario8/83,IG,91.13,1
./out/mario8/83,UNI,91.25,1
./out/mario8/15,IG,109.5,1
./out/mario8/15,UNI,115.12,1
./out/mario8/85,IG,1250.91,1
./out/mario8/85,UNI,334.15,1
./out/mario9/50,IG,947.6,1
./out/mario9/50,UNI,194.29,1
./out/mario9/51,IG,2066.82,1
./out/mario9/51,UNI,2068.21,1
./out/mario9/60,SHAP,438.85,1
./out/mario9/60,UNI,408.79,1
./out/mario9/20,SHAP,279.44,1
./out/mario9/20,IG,584.62,1
./out/mario9/20,UNI,273.23,1
./out/mario9/9,SHAP,197.76,1
./out/mario9/9,IG,195.77,1
./out/mario9/9,UNI,196.95,1
./out/mario9/11,SHAP,315.91,1
./out/mario9/11,IG,1367.33,1
./out/mario9/11,UNI,1376.51,1
./out/mario9/16,SHAP,66.78,1
./out/mario9/16,IG,67.66,1
./out/mario9/16,UNI,67.99,1
./out/mario9/42,SHAP,2244.86,1
./out/mario9/42,IG,2242.7,1
./out/mario9/42,UNI,2183.81,1
./out/mario9/6,SHAP,1358.89,1
./out/mario9/6,IG,1746.49,1
./out/mario9/6,UNI,1751.4,1
./out/mario9/1,IG,237.75,1
./out/mario9/1,UNI,13850.88,1
./out/mario9/10,SHAP,156.11,1
./out/mario9/10,IG,397.75,1
./out/mario9/10,UNI,198.16,1
./out/mario9/8,SHAP,29.81,1
./out/mario9/8,IG,34.81,1
./out/mario9/8,UNI,31.04,1
./out/mario9/36,SHAP,1996.28,1
./out/mario9/36,UNI,2013.78,1
./out/mario9/46,SHAP,452.46,1
./out/mario9/46,UNI,506.11,1
./out/mario9/79,SHAP,1625.78,1
./out/mario9/79,UNI,1860.12,1
./out/mario9/77,SHAP,1271.72,1
./out/mario9/77,UNI,1333.42,1
./out/mario9/4,IG,1880.78,1
./out/mario9/4,UNI,1927.39,1
./out/mario9/3,SHAP,2023.73,1
./out/mario9/3,UNI,964.62,1
./out/mario9/71,SHAP,2109.45,1
./out/mario9/71,IG,2822.66,1
./out/mario9/71,UNI,2101.06,1
./out/mario9/5,IG,1310.81,1
./out/mario9/5,UNI,971.35,1
./out/mario9/14,IG,958.41,1
./out/mario9/14,UNI,921.93,1
./out/mario10/18,IG,2792.0,1
./out/mario10/18,UNI,932.29,1
./out/mario10/16,SHAP,501.3,1
./out/mario10/16,UNI,688.51,1
./out/mario10/6,SHAP,812.69,1
./out/mario10/6,IG,807.94,1
./out/mario10/6,UNI,813.94,1
./out/mario10/28,SHAP,419.07,1
./out/mario10/28,IG,1162.14,1
./out/mario10/28,UNI,419.16,1
./out/mario10/41,SHAP,1129.97,1
./out/mario10/41,UNI,1144.83,1
./out/mario10/4,SHAP,520.76,1
./out/mario10/4,UNI,571.26,1
./out/mario10/22,SHAP,486.4,1
./out/mario10/22,UNI,678.58,1
./out/mario11/50,SHAP,554.34,1
./out/mario11/50,IG,1443.37,1
./out/mario11/50,UNI,552.45,1
./out/mario11/18,SHAP,2578.03,1
./out/mario11/18,UNI,2598.36,1
./out/mario11/6,SHAP,210.43,1
./out/mario11/6,IG,211.32,1
./out/mario11/6,UNI,210.19,1
./out/mario11/10,SHAP,688.59,1
./out/mario11/10,IG,689.37,1
./out/mario11/10,UNI,688.67,1
./out/mario11/44,SHAP,1233.92,1
./out/mario11/44,UNI,1007.69,1
./out/mario11/43,SHAP,880.0,1
./out/mario11/43,UNI,883.67,1
./out/mario11/31,SHAP,545.51,1
./out/mario11/31,IG,1577.93,1
./out/mario11/31,UNI,557.85,1
./out/mario11/54,SHAP,757.44,1
./out/mario11/54,IG,758.68,1
./out/mario11/54,UNI,757.02,1
./out/mario11/53,SHAP,115.74,1
./out/mario11/53,IG,121.94,1
./out/mario11/53,UNI,117.33,1
./out/mario11/52,SHAP,805.84,1
./out/mario11/52,UNI,812.95,1
./out/mario11/24,SHAP,970.39,1
./out/mario11/24,IG,1240.49,1
./out/mario11/24,UNI,997.22,1
./out/mario11/23,SHAP,1328.15,1
./out/mario11/23,UNI,2462.08,1
./out/mario11/5,SHAP,2345.93,1
./out/mario11/5,IG,2439.13,1
./out/mario11/5,UNI,2423.42,1
./out/mario11/14,SHAP,588.34,1
./out/mario11/14,IG,828.46,1
./out/mario11/14,UNI,633.18,1
./out/mario11/22,SHAP,1798.16,1
./out/mario11/22,UNI,1816.26,1
./out/mario11/25,SHAP,2561.09,1
./out/mario11/25,UNI,2566.06,1
./out/mario12/7,SHAP,195.61,1
./out/mario12/7,IG,196.46,1
./out/mario12/7,UNI,195.44,1
./out/mario12/6,IG,2016.6,1
./out/mario12/6,UNI,1936.84,1
./out/mario12/1,SHAP,522.63,1
./out/mario12/1,IG,1190.39,1
./out/mario12/1,UNI,534.32,1
./out/mario12/10,SHAP,1921.07,1
./out/mario12/10,UNI,1949.86,1
./out/mario12/19,SHAP,332.96,1
./out/mario12/19,IG,478.56,1
./out/mario12/19,UNI,333.09,1
./out/mario12/26,SHAP,1973.58,1
./out/mario12/26,UNI,2060.53,1
./out/mario12/44,SHAP,1446.0,1
./out/mario12/44,IG,1748.62,1
./out/mario12/44,UNI,1655.03,1
./out/mario12/53,SHAP,2791.57,1
./out/mario12/53,UNI,3182.13,1
./out/mario12/30,SHAP,436.88,1
./out/mario12/30,UNI,564.7,1
./out/mario12/55,SHAP,268.0,1
./out/mario12/55,IG,508.86,1
./out/mario12/55,UNI,261.1,1
./out/mario12/15,SHAP,116.31,1
./out/mario12/15,IG,115.8,1
./out/mario12/15,UNI,116.58,1
./out/mario12/2,SHAP,656.36,1
./out/mario12/2,IG,6157.12,1
./out/mario12/2,UNI,658.38,1
./out/mario12/13,SHAP,652.13,1
./out/mario12/13,IG,2511.61,1
./out/mario12/13,UNI,731.58,1
./out/mario12/5,SHAP,1006.68,1
./out/mario12/5,UNI,1072.09,1
./out/mario12/22,SHAP,1015.27,1
./out/mario12/22,IG,2012.78,1
./out/mario12/22,UNI,2010.42,1
./out/mario13/27,SHAP,3537.31,1
./out/mario13/27,IG,1321.69,1
./out/mario13/27,UNI,1335.09,1
./out/mario13/6,IG,2058.81,1
./out/mario13/6,UNI,2062.62,1
./out/mario13/17,IG,1333.92,1
./out/mario13/17,UNI,1366.72,1
./out/mario13/26,SHAP,103.77,1
./out/mario13/26,IG,131.98,1
./out/mario13/26,UNI,103.28,1
./out/mario13/24,SHAP,4151.28,1
./out/mario13/24,IG,4527.06,1
./out/mario13/24,UNI,3454.99,1
./out/mario14/27,IG,3897.88,1
./out/mario14/27,UNI,807.19,1
./out/mario14/10,SHAP,173.2,1
./out/mario14/10,IG,174.26,1
./out/mario14/10,UNI,173.03,1
./out/mario14/21,SHAP,1130.58,1
./out/mario14/21,IG,2691.34,1
./out/mario14/21,UNI,2289.01,1
./out/mario14/15,SHAP,89.89,1
./out/mario14/15,IG,89.99,1
./out/mario14/15,UNI,90.11,1
./out/mario14/3,SHAP,2369.84,1
./out/mario14/3,UNI,2717.25,1
./out/mario14/13,SHAP,89.6,1
./out/mario14/13,IG,89.92,1
./out/mario14/13,UNI,89.81,1
./out/mario14/22,SHAP,176.83,1
./out/mario14/22,IG,177.29,1
./out/mario14/22,UNI,176.61,1
